{
  "tailwind.config.ts": 1777778944.293612,
  "vite.config.ts": 1777854832.146144,
  "postcss.config.js": 1777778944.2955482,
  "src/App.tsx": 1778903840.5394993,
  "src/main.tsx": 1777854930.9876359,
  "src/vite-env.d.ts": 1777779280.4043486,
  "src/components/Projects.tsx": 1778905612.9782944,
  "src/components/Hero.tsx": 1778904243.5040665,
  "src/components/Nav.tsx": 1777779371.1963687,
  "src/components/Experience.tsx": 1777867502.449343,
  "src/components/LogoBadge.tsx": 1778554377.7810464,
  "src/components/RepoCard.tsx": 1777867485.4088728,
  "src/components/SkillBadge.tsx": 1777856391.4634502,
  "src/components/ScrollProgress.tsx": 1777779371.1892195,
  "src/components/Contact.tsx": 1778560633.142889,
  "src/components/Section.tsx": 1777779371.1939614,
  "src/components/Footer.tsx": 1777822650.8028963,
  "src/components/TimelineItem.tsx": 1777856439.2638564,
  "src/components/ThemeToggle.tsx": 1777779371.1916804,
  "src/components/Skills.tsx": 1777779523.2478685,
  "src/components/Education.tsx": 1777867515.920034,
  "src/components/About.tsx": 1777867480.3375568,
  "src/hooks/useGithubRepos.ts": 1777779349.2760503,
  "src/hooks/useActiveSection.ts": 1777779349.2785797,
  "src/hooks/useTheme.ts": 1777779349.2736251,
  "src/hooks/useCountUp.ts": 1777856348.7191188,
  "src/lib/langColors.ts": 1777867444.2611794,
  "src/lib/motion.ts": 1777779290.673865,
  "src/data/projects.ts": 1777865799.9697304,
  "src/data/education.ts": 1777866256.0830975,
  "src/data/experience.ts": 1777866742.9912243,
  "src/data/profile.ts": 1777865155.9381406,
  "src/data/skills.ts": 1778905361.0212288,
  "index.html": 1777854756.346129,
  "README.md": 1777854008.3042948,
  "CLAUDE.md": 1777854542.9227986,
  "docs/superpowers/plans/2026-05-12-hero-ghost-background.md": 1778558629.8644247,
  "public/Linkedin_Profile.pdf": 1777777548.4567058,
  "public/AsimKhan.pdf": 1777822943.106076,
  "public/asim_image1.jpg": 1778721636.9983792,
  "public/NU_RGB_Notched-N_wordmark_RB-1-2.svg": 1777866170.408312,
  "public/gs.jpg": 1777866602.106049,
  "public/accenture.webp": 1777866092.850967,
  "public/citi.png": 1777866092.840429,
  "public/noknok.png": 1777866092.829834,
  "public/asim_image.jpg": 1778722327.2391353,
  "public/Dr._A.P.J._Abdul_Kalam_Technical_University_logo.png": 1777866170.4064286,
  "public/favicon.svg": 1778555132.9222724
}